-- seed_data.sql — fake hospital dataset. No real PII.
-- 3 clinicians, 50 patients (Art. 9 mental-health data), 200 appointments.
-- Generated deterministically (seed=42).

-- Clinicians (application users — NOT database roles)
INSERT INTO clinicians (id, name, department) VALUES
  ('alice-001', 'Dr. Alice Vogel',  'Psychiatry'),
  ('bob-002',   'Dr. Bob Hendriks', 'General Practice'),
  ('carol-003', 'Dr. Carol Bakker', 'Neurology');

-- Patients (Art. 9 special-category data — mental-health diagnoses)
INSERT INTO patients (id, name, dob, diagnosis, risk_level) VALUES
  ('p-001', 'Jan de Vries', '1978-03-15', 'Major Depressive Disorder', 'HIGH'),
  ('p-002', 'Vincent Meijer', '1951-12-09', 'PTSD', 'LOW'),
  ('p-003', 'Ruben Peeters', '1956-11-24', 'Social Anxiety', 'LOW'),
  ('p-004', 'Sara de Haan', '1952-01-03', 'PTSD', 'LOW'),
  ('p-005', 'Sven Hoekstra', '1951-09-07', 'Social Anxiety', 'MEDIUM'),
  ('p-006', 'Kees Vermeulen', '1987-05-26', 'Major Depressive Disorder', 'LOW'),
  ('p-007', 'Hugo de Haan', '1971-05-05', 'PTSD', 'MEDIUM'),
  ('p-008', 'Lars Visser', '1974-02-12', 'OCD', 'HIGH'),
  ('p-009', 'Joris Jansen', '1996-08-18', 'Generalized Anxiety', 'MEDIUM'),
  ('p-010', 'Femke van Beek', '1968-11-20', 'OCD', 'HIGH'),
  ('p-011', 'Bram Blom', '1954-01-22', 'PTSD', 'MEDIUM'),
  ('p-012', 'Femke Hendriks', '1956-07-09', 'Burnout Syndrome', 'HIGH'),
  ('p-013', 'Noor de Groot', '1973-06-07', 'Panic Disorder', 'HIGH'),
  ('p-014', 'Demi Koster', '1954-10-21', 'Bipolar Disorder', 'HIGH'),
  ('p-015', 'Teun van Leeuwen', '1960-08-13', 'Panic Disorder', 'HIGH'),
  ('p-016', 'Hugo van Beek', '1964-11-11', 'Major Depressive Disorder', 'LOW'),
  ('p-017', 'Pieter Smits', '1975-05-03', 'PTSD', 'HIGH'),
  ('p-018', 'Yara Smits', '1963-11-16', 'Insomnia', 'HIGH'),
  ('p-019', 'Fleur Mulder', '1966-03-08', 'Social Anxiety', 'HIGH'),
  ('p-020', 'Joris Peeters', '1987-07-19', 'Insomnia', 'MEDIUM'),
  ('p-021', 'Kees de Boer', '1982-08-03', 'Major Depressive Disorder', 'LOW'),
  ('p-022', 'Lotte Verhoeven', '1960-11-14', 'ADHD', 'LOW'),
  ('p-023', 'Bas van der Linden', '1988-08-17', 'Panic Disorder', 'HIGH'),
  ('p-024', 'Jan van der Wal', '1996-02-22', 'Social Anxiety', 'MEDIUM'),
  ('p-025', 'Mila Koster', '1971-02-10', 'Insomnia', 'LOW'),
  ('p-026', 'Fleur de Vries', '1996-12-09', 'Social Anxiety', 'LOW'),
  ('p-027', 'Sven Smit', '1990-05-27', 'Social Anxiety', 'HIGH'),
  ('p-028', 'Bram Mulder', '1973-03-18', 'Social Anxiety', 'LOW'),
  ('p-029', 'Koen Smits', '1981-01-04', 'OCD', 'MEDIUM'),
  ('p-030', 'Nina van Dijk', '1965-10-03', 'Generalized Anxiety', 'HIGH'),
  ('p-031', 'Roos Bakker', '1998-09-25', 'Bipolar Disorder', 'LOW'),
  ('p-032', 'Floris van der Veen', '1985-03-09', 'Social Anxiety', 'HIGH'),
  ('p-033', 'Tess Peters', '1984-12-23', 'PTSD', 'HIGH'),
  ('p-034', 'Iris Kok', '1992-11-12', 'Burnout Syndrome', 'HIGH'),
  ('p-035', 'Niels Meijer', '1965-04-03', 'OCD', 'LOW'),
  ('p-036', 'Sara van Beek', '1964-10-08', 'Major Depressive Disorder', 'LOW'),
  ('p-037', 'Yara Verhoeven', '1953-04-03', 'Major Depressive Disorder', 'MEDIUM'),
  ('p-038', 'Daan de Bruijn', '1965-05-22', 'Burnout Syndrome', 'LOW'),
  ('p-039', 'Jeroen de Boer', '1996-10-19', 'Burnout Syndrome', 'LOW'),
  ('p-040', 'Wouter Jacobs', '1962-02-04', 'Insomnia', 'MEDIUM'),
  ('p-041', 'Tess Jacobs', '1979-12-02', 'Generalized Anxiety', 'LOW'),
  ('p-042', 'Emma Huisman', '1971-02-08', 'PTSD', 'LOW'),
  ('p-043', 'Jeroen Vermeulen', '1958-07-06', 'Panic Disorder', 'MEDIUM'),
  ('p-044', 'Nina Bakker', '1978-09-04', 'Major Depressive Disorder', 'HIGH'),
  ('p-045', 'Jeroen de Vries', '1955-04-06', 'Insomnia', 'MEDIUM'),
  ('p-046', 'Wouter Peters', '1975-01-06', 'Insomnia', 'LOW'),
  ('p-047', 'Bas Dekker', '2000-08-10', 'Insomnia', 'HIGH'),
  ('p-048', 'Teun van Beek', '1992-12-16', 'Bipolar Disorder', 'LOW'),
  ('p-049', 'Tim Peters', '1953-10-24', 'Social Anxiety', 'LOW'),
  ('p-050', 'Isa Smits', '1953-01-19', 'Burnout Syndrome', 'HIGH');

-- Appointments
INSERT INTO appointments (id, patient_id, clinician_id, appointment_date, notes) VALUES
  ('a-001', 'p-034', 'alice-001', '2026-01-17', 'Medication review'),
  ('a-002', 'p-012', 'alice-001', '2026-05-03', 'Crisis intervention'),
  ('a-003', 'p-026', 'alice-001', '2026-05-08', 'Routine follow-up'),
  ('a-004', 'p-040', 'alice-001', '2026-04-22', 'Discharge planning'),
  ('a-005', 'p-017', 'alice-001', '2026-06-23', 'Discharge planning'),
  ('a-006', 'p-016', 'bob-002', '2026-04-05', 'Therapy session'),
  ('a-007', 'p-030', 'bob-002', '2026-01-01', 'Care plan update'),
  ('a-008', 'p-040', 'carol-003', '2026-01-03', 'Crisis intervention'),
  ('a-009', 'p-033', 'bob-002', '2026-02-12', 'Medication review'),
  ('a-010', 'p-016', 'bob-002', '2026-03-06', 'Care plan update'),
  ('a-011', 'p-035', 'carol-003', '2026-03-20', 'Routine follow-up'),
  ('a-012', 'p-043', 'carol-003', '2026-03-22', 'Medication review'),
  ('a-013', 'p-009', 'bob-002', '2026-01-04', 'Initial assessment'),
  ('a-014', 'p-018', 'bob-002', '2026-05-07', 'Discharge planning'),
  ('a-015', 'p-014', 'carol-003', '2026-06-28', 'Therapy session'),
  ('a-016', 'p-033', 'bob-002', '2026-03-28', 'Routine follow-up'),
  ('a-017', 'p-006', 'carol-003', '2026-04-27', 'Therapy session'),
  ('a-018', 'p-003', 'alice-001', '2026-03-25', 'Initial assessment'),
  ('a-019', 'p-041', 'bob-002', '2026-02-24', 'Care plan update'),
  ('a-020', 'p-036', 'carol-003', '2026-04-18', 'Routine follow-up'),
  ('a-021', 'p-008', 'alice-001', '2026-06-05', 'Routine follow-up'),
  ('a-022', 'p-024', 'carol-003', '2026-05-05', 'Lab results review'),
  ('a-023', 'p-009', 'alice-001', '2026-03-12', 'Routine follow-up'),
  ('a-024', 'p-023', 'alice-001', '2026-06-08', 'Medication review'),
  ('a-025', 'p-023', 'carol-003', '2026-04-20', 'Initial assessment'),
  ('a-026', 'p-016', 'alice-001', '2026-02-14', 'Routine follow-up'),
  ('a-027', 'p-012', 'carol-003', '2026-03-26', 'Lab results review'),
  ('a-028', 'p-043', 'carol-003', '2026-02-09', 'Initial assessment'),
  ('a-029', 'p-045', 'alice-001', '2026-04-28', 'Routine follow-up'),
  ('a-030', 'p-031', 'alice-001', '2026-02-27', 'Care plan update'),
  ('a-031', 'p-023', 'bob-002', '2026-02-08', 'Routine follow-up'),
  ('a-032', 'p-043', 'alice-001', '2026-04-11', 'Therapy session'),
  ('a-033', 'p-005', 'bob-002', '2026-03-21', 'Lab results review'),
  ('a-034', 'p-044', 'carol-003', '2026-03-01', 'Medication review'),
  ('a-035', 'p-017', 'alice-001', '2026-05-09', 'Routine follow-up'),
  ('a-036', 'p-007', 'carol-003', '2026-04-12', 'Discharge planning'),
  ('a-037', 'p-028', 'carol-003', '2026-05-04', 'Lab results review'),
  ('a-038', 'p-037', 'alice-001', '2026-03-02', 'Lab results review'),
  ('a-039', 'p-001', 'carol-003', '2026-05-22', 'Crisis intervention'),
  ('a-040', 'p-024', 'bob-002', '2026-01-22', 'Discharge planning'),
  ('a-041', 'p-040', 'bob-002', '2026-06-28', 'Medication review'),
  ('a-042', 'p-047', 'bob-002', '2026-05-10', 'Lab results review'),
  ('a-043', 'p-021', 'bob-002', '2026-06-10', 'Initial assessment'),
  ('a-044', 'p-013', 'bob-002', '2026-06-13', 'Initial assessment'),
  ('a-045', 'p-040', 'carol-003', '2026-03-13', 'Routine follow-up'),
  ('a-046', 'p-020', 'bob-002', '2026-02-14', 'Discharge planning'),
  ('a-047', 'p-030', 'bob-002', '2026-04-22', 'Crisis intervention'),
  ('a-048', 'p-033', 'bob-002', '2026-06-06', 'Medication review'),
  ('a-049', 'p-019', 'carol-003', '2026-06-21', 'Discharge planning'),
  ('a-050', 'p-006', 'alice-001', '2026-06-10', 'Crisis intervention'),
  ('a-051', 'p-013', 'alice-001', '2026-01-02', 'Crisis intervention'),
  ('a-052', 'p-031', 'carol-003', '2026-01-15', 'Lab results review'),
  ('a-053', 'p-041', 'carol-003', '2026-02-23', 'Lab results review'),
  ('a-054', 'p-032', 'bob-002', '2026-02-05', 'Routine follow-up'),
  ('a-055', 'p-049', 'alice-001', '2026-04-08', 'Initial assessment'),
  ('a-056', 'p-045', 'carol-003', '2026-04-02', 'Crisis intervention'),
  ('a-057', 'p-008', 'bob-002', '2026-02-26', 'Care plan update'),
  ('a-058', 'p-043', 'carol-003', '2026-05-20', 'Discharge planning'),
  ('a-059', 'p-049', 'bob-002', '2026-05-27', 'Lab results review'),
  ('a-060', 'p-036', 'bob-002', '2026-02-24', 'Care plan update'),
  ('a-061', 'p-029', 'bob-002', '2026-02-27', 'Therapy session'),
  ('a-062', 'p-050', 'carol-003', '2026-04-21', 'Crisis intervention'),
  ('a-063', 'p-018', 'bob-002', '2026-01-23', 'Therapy session'),
  ('a-064', 'p-016', 'bob-002', '2026-03-11', 'Medication review'),
  ('a-065', 'p-009', 'alice-001', '2026-02-13', 'Initial assessment'),
  ('a-066', 'p-046', 'alice-001', '2026-01-14', 'Lab results review'),
  ('a-067', 'p-022', 'carol-003', '2026-04-14', 'Routine follow-up'),
  ('a-068', 'p-014', 'bob-002', '2026-04-25', 'Routine follow-up'),
  ('a-069', 'p-049', 'carol-003', '2026-04-16', 'Routine follow-up'),
  ('a-070', 'p-023', 'bob-002', '2026-04-28', 'Lab results review'),
  ('a-071', 'p-035', 'carol-003', '2026-06-18', 'Crisis intervention'),
  ('a-072', 'p-032', 'alice-001', '2026-03-14', 'Care plan update'),
  ('a-073', 'p-002', 'bob-002', '2026-03-22', 'Lab results review'),
  ('a-074', 'p-047', 'alice-001', '2026-04-05', 'Routine follow-up'),
  ('a-075', 'p-026', 'carol-003', '2026-05-22', 'Routine follow-up'),
  ('a-076', 'p-006', 'carol-003', '2026-04-05', 'Care plan update'),
  ('a-077', 'p-012', 'alice-001', '2026-03-13', 'Discharge planning'),
  ('a-078', 'p-014', 'bob-002', '2026-03-11', 'Lab results review'),
  ('a-079', 'p-018', 'bob-002', '2026-03-27', 'Medication review'),
  ('a-080', 'p-031', 'alice-001', '2026-06-18', 'Routine follow-up'),
  ('a-081', 'p-023', 'alice-001', '2026-06-03', 'Routine follow-up'),
  ('a-082', 'p-049', 'alice-001', '2026-02-07', 'Routine follow-up'),
  ('a-083', 'p-040', 'alice-001', '2026-02-05', 'Care plan update'),
  ('a-084', 'p-043', 'alice-001', '2026-05-07', 'Care plan update'),
  ('a-085', 'p-045', 'bob-002', '2026-03-06', 'Medication review'),
  ('a-086', 'p-050', 'alice-001', '2026-03-04', 'Routine follow-up'),
  ('a-087', 'p-020', 'carol-003', '2026-06-13', 'Lab results review'),
  ('a-088', 'p-046', 'alice-001', '2026-01-19', 'Crisis intervention'),
  ('a-089', 'p-007', 'carol-003', '2026-03-28', 'Medication review'),
  ('a-090', 'p-037', 'alice-001', '2026-03-18', 'Lab results review'),
  ('a-091', 'p-043', 'bob-002', '2026-01-17', 'Discharge planning'),
  ('a-092', 'p-001', 'bob-002', '2026-04-04', 'Lab results review'),
  ('a-093', 'p-024', 'carol-003', '2026-04-23', 'Initial assessment'),
  ('a-094', 'p-028', 'alice-001', '2026-06-17', 'Therapy session'),
  ('a-095', 'p-040', 'carol-003', '2026-04-15', 'Lab results review'),
  ('a-096', 'p-047', 'carol-003', '2026-03-11', 'Crisis intervention'),
  ('a-097', 'p-006', 'bob-002', '2026-04-08', 'Care plan update'),
  ('a-098', 'p-037', 'carol-003', '2026-06-13', 'Discharge planning'),
  ('a-099', 'p-002', 'bob-002', '2026-03-06', 'Care plan update'),
  ('a-100', 'p-014', 'bob-002', '2026-03-11', 'Therapy session'),
  ('a-101', 'p-039', 'carol-003', '2026-03-18', 'Routine follow-up'),
  ('a-102', 'p-034', 'alice-001', '2026-01-08', 'Lab results review'),
  ('a-103', 'p-032', 'carol-003', '2026-02-23', 'Care plan update'),
  ('a-104', 'p-042', 'carol-003', '2026-04-15', 'Routine follow-up'),
  ('a-105', 'p-006', 'bob-002', '2026-02-13', 'Crisis intervention'),
  ('a-106', 'p-020', 'carol-003', '2026-05-12', 'Care plan update'),
  ('a-107', 'p-036', 'carol-003', '2026-03-14', 'Discharge planning'),
  ('a-108', 'p-023', 'carol-003', '2026-04-09', 'Therapy session'),
  ('a-109', 'p-017', 'alice-001', '2026-01-24', 'Crisis intervention'),
  ('a-110', 'p-021', 'alice-001', '2026-06-18', 'Initial assessment'),
  ('a-111', 'p-013', 'alice-001', '2026-06-16', 'Therapy session'),
  ('a-112', 'p-047', 'carol-003', '2026-05-20', 'Therapy session'),
  ('a-113', 'p-007', 'alice-001', '2026-03-08', 'Discharge planning'),
  ('a-114', 'p-012', 'bob-002', '2026-01-23', 'Initial assessment'),
  ('a-115', 'p-018', 'alice-001', '2026-01-18', 'Therapy session'),
  ('a-116', 'p-045', 'alice-001', '2026-06-28', 'Care plan update'),
  ('a-117', 'p-007', 'alice-001', '2026-05-10', 'Care plan update'),
  ('a-118', 'p-031', 'bob-002', '2026-03-06', 'Routine follow-up'),
  ('a-119', 'p-017', 'bob-002', '2026-01-27', 'Medication review'),
  ('a-120', 'p-026', 'bob-002', '2026-01-19', 'Routine follow-up'),
  ('a-121', 'p-010', 'alice-001', '2026-05-10', 'Medication review'),
  ('a-122', 'p-016', 'alice-001', '2026-05-25', 'Lab results review'),
  ('a-123', 'p-039', 'carol-003', '2026-05-08', 'Lab results review'),
  ('a-124', 'p-029', 'bob-002', '2026-03-28', 'Lab results review'),
  ('a-125', 'p-020', 'carol-003', '2026-05-02', 'Medication review'),
  ('a-126', 'p-049', 'alice-001', '2026-06-07', 'Therapy session'),
  ('a-127', 'p-043', 'alice-001', '2026-02-08', 'Initial assessment'),
  ('a-128', 'p-036', 'alice-001', '2026-02-01', 'Lab results review'),
  ('a-129', 'p-029', 'carol-003', '2026-05-16', 'Therapy session'),
  ('a-130', 'p-003', 'alice-001', '2026-03-23', 'Therapy session'),
  ('a-131', 'p-045', 'bob-002', '2026-01-22', 'Crisis intervention'),
  ('a-132', 'p-017', 'carol-003', '2026-05-22', 'Crisis intervention'),
  ('a-133', 'p-028', 'alice-001', '2026-05-08', 'Initial assessment'),
  ('a-134', 'p-018', 'alice-001', '2026-01-02', 'Initial assessment'),
  ('a-135', 'p-020', 'carol-003', '2026-06-27', 'Therapy session'),
  ('a-136', 'p-029', 'alice-001', '2026-04-23', 'Therapy session'),
  ('a-137', 'p-045', 'bob-002', '2026-03-17', 'Care plan update'),
  ('a-138', 'p-029', 'alice-001', '2026-05-02', 'Lab results review'),
  ('a-139', 'p-048', 'bob-002', '2026-05-09', 'Routine follow-up'),
  ('a-140', 'p-006', 'alice-001', '2026-06-27', 'Routine follow-up'),
  ('a-141', 'p-049', 'carol-003', '2026-03-19', 'Routine follow-up'),
  ('a-142', 'p-049', 'alice-001', '2026-04-17', 'Care plan update'),
  ('a-143', 'p-018', 'alice-001', '2026-05-14', 'Care plan update'),
  ('a-144', 'p-006', 'bob-002', '2026-03-14', 'Discharge planning'),
  ('a-145', 'p-021', 'carol-003', '2026-01-28', 'Initial assessment'),
  ('a-146', 'p-022', 'bob-002', '2026-06-16', 'Therapy session'),
  ('a-147', 'p-043', 'bob-002', '2026-05-02', 'Care plan update'),
  ('a-148', 'p-006', 'bob-002', '2026-03-11', 'Medication review'),
  ('a-149', 'p-050', 'bob-002', '2026-05-27', 'Routine follow-up'),
  ('a-150', 'p-043', 'carol-003', '2026-04-14', 'Routine follow-up'),
  ('a-151', 'p-013', 'carol-003', '2026-03-20', 'Care plan update'),
  ('a-152', 'p-041', 'bob-002', '2026-01-07', 'Therapy session'),
  ('a-153', 'p-036', 'alice-001', '2026-03-15', 'Care plan update'),
  ('a-154', 'p-008', 'alice-001', '2026-06-20', 'Crisis intervention'),
  ('a-155', 'p-046', 'alice-001', '2026-03-18', 'Routine follow-up'),
  ('a-156', 'p-036', 'bob-002', '2026-01-08', 'Medication review'),
  ('a-157', 'p-030', 'alice-001', '2026-06-27', 'Initial assessment'),
  ('a-158', 'p-032', 'carol-003', '2026-03-17', 'Therapy session'),
  ('a-159', 'p-027', 'bob-002', '2026-04-08', 'Care plan update'),
  ('a-160', 'p-036', 'alice-001', '2026-04-07', 'Initial assessment'),
  ('a-161', 'p-005', 'bob-002', '2026-04-11', 'Therapy session'),
  ('a-162', 'p-001', 'bob-002', '2026-06-10', 'Care plan update'),
  ('a-163', 'p-010', 'bob-002', '2026-05-16', 'Discharge planning'),
  ('a-164', 'p-022', 'carol-003', '2026-05-13', 'Care plan update'),
  ('a-165', 'p-021', 'alice-001', '2026-06-08', 'Lab results review'),
  ('a-166', 'p-015', 'bob-002', '2026-01-11', 'Care plan update'),
  ('a-167', 'p-046', 'bob-002', '2026-04-22', 'Initial assessment'),
  ('a-168', 'p-032', 'alice-001', '2026-02-17', 'Discharge planning'),
  ('a-169', 'p-007', 'bob-002', '2026-01-17', 'Care plan update'),
  ('a-170', 'p-001', 'carol-003', '2026-02-14', 'Initial assessment'),
  ('a-171', 'p-005', 'bob-002', '2026-03-11', 'Lab results review'),
  ('a-172', 'p-042', 'alice-001', '2026-03-28', 'Lab results review'),
  ('a-173', 'p-021', 'carol-003', '2026-06-25', 'Care plan update'),
  ('a-174', 'p-035', 'alice-001', '2026-05-03', 'Crisis intervention'),
  ('a-175', 'p-041', 'carol-003', '2026-03-08', 'Medication review'),
  ('a-176', 'p-028', 'alice-001', '2026-06-23', 'Medication review'),
  ('a-177', 'p-029', 'alice-001', '2026-06-10', 'Routine follow-up'),
  ('a-178', 'p-003', 'bob-002', '2026-01-10', 'Discharge planning'),
  ('a-179', 'p-024', 'bob-002', '2026-02-08', 'Lab results review'),
  ('a-180', 'p-037', 'carol-003', '2026-02-06', 'Initial assessment'),
  ('a-181', 'p-006', 'carol-003', '2026-04-20', 'Crisis intervention'),
  ('a-182', 'p-032', 'carol-003', '2026-02-08', 'Care plan update'),
  ('a-183', 'p-041', 'bob-002', '2026-04-09', 'Routine follow-up'),
  ('a-184', 'p-030', 'bob-002', '2026-06-18', 'Initial assessment'),
  ('a-185', 'p-005', 'bob-002', '2026-03-19', 'Therapy session'),
  ('a-186', 'p-041', 'bob-002', '2026-06-09', 'Care plan update'),
  ('a-187', 'p-020', 'alice-001', '2026-04-28', 'Care plan update'),
  ('a-188', 'p-007', 'alice-001', '2026-04-19', 'Discharge planning'),
  ('a-189', 'p-037', 'bob-002', '2026-06-10', 'Routine follow-up'),
  ('a-190', 'p-043', 'bob-002', '2026-03-01', 'Routine follow-up'),
  ('a-191', 'p-039', 'carol-003', '2026-04-27', 'Therapy session'),
  ('a-192', 'p-050', 'alice-001', '2026-05-26', 'Discharge planning'),
  ('a-193', 'p-015', 'carol-003', '2026-02-20', 'Therapy session'),
  ('a-194', 'p-044', 'carol-003', '2026-06-22', 'Initial assessment'),
  ('a-195', 'p-041', 'alice-001', '2026-06-21', 'Routine follow-up'),
  ('a-196', 'p-020', 'bob-002', '2026-01-19', 'Discharge planning'),
  ('a-197', 'p-047', 'alice-001', '2026-01-10', 'Discharge planning'),
  ('a-198', 'p-048', 'bob-002', '2026-02-07', 'Initial assessment'),
  ('a-199', 'p-035', 'bob-002', '2026-05-17', 'Therapy session'),
  ('a-200', 'p-011', 'bob-002', '2026-04-26', 'Therapy session');
